Date,Product Name,Brand,Region,Type,Units Sold,Cost/Unit,Price/Unit,Sales Channel
2024-06-13,Snow White,Nestle,Germany,White,384,34,74,Retail
2024-06-02,Hazel Crunch,Hershey's,Japan,Hazelnut,375,32,55,Online
2023-10-09,Snow White,Toblerone,Germany,White,415,55,66,Online
2024-05-09,Golden Caramel,Lindt,UK,Caramel,231,59,83,Online
2024-05-11,Dark Bliss,Ferrero,Japan,Dark,161,30,53,Retail
2023-02-06,Dark Bliss,Amul,UK,Dark,178,51,89,Retail
2024-06-30,Snow White,Amul,Brazil,White,202,43,71,Retail
2024-07-03,Nutty Bar,Ferrero,Japan,Almond,216,38,62,Retail
2023-12-06,Dark Bliss,Cadbury,Australia,Dark,318,21,38,Online
2023-01-16,Snow White,Toblerone,Brazil,White,421,46,57,Retail
2023-10-10,Golden Caramel,Nestle,Germany,Caramel,116,53,82,Retail
2023-04-01,Dark Bliss,Nestle,Germany,Dark,339,34,70,Online
2023-05-21,Snow White,Lindt,Japan,White,286,44,70,Retail
2023-04-30,Nutty Bar,Ferrero,Germany,Almond,189,29,43,Retail
2023-10-14,Golden Caramel,Nestle,Australia,Caramel,334,32,69,Online
2023-11-23,Dark Bliss,Ferrero,India,Dark,339,41,65,Retail
2023-11-18,Milk Deluxe,Toblerone,India,Milk,447,36,67,Online
2023-02-28,Hazel Crunch,Amul,Brazil,Hazelnut,116,22,35,Online
2023-01-30,Golden Caramel,Ferrero,Australia,Caramel,336,39,49,Online
2024-06-09,Snow White,Ferrero,UK,White,174,43,77,Retail
2023-03-16,Hazel Crunch,Cadbury,India,Hazelnut,331,35,57,Retail
2023-01-09,Nutty Bar,Ferrero,Germany,Almond,422,23,44,Retail
2023-07-16,Dark Bliss,Amul,UK,Dark,117,36,58,Online
2023-03-23,Dark Bliss,Lindt,Brazil,Dark,290,44,77,Retail
2023-08-20,Hazel Crunch,Amul,UK,Hazelnut,419,36,56,Online
2023-03-23,Milk Deluxe,Amul,USA,Milk,63,41,54,Online
2024-01-08,Golden Caramel,Amul,UK,Caramel,112,26,41,Online
2023-03-03,Nutty Bar,Ferrero,Brazil,Almond,195,42,64,Retail
2023-09-01,Dark Bliss,Hershey's,Australia,Dark,302,24,63,Online
2024-01-17,Hazel Crunch,Cadbury,Germany,Hazelnut,95,60,93,Online
2024-06-14,Snow White,Ferrero,India,White,251,35,71,Retail
2023-09-12,Hazel Crunch,Lindt,USA,Hazelnut,397,53,70,Retail
2023-08-11,Hazel Crunch,Nestle,Japan,Hazelnut,128,28,45,Retail
2023-02-14,Golden Caramel,Ferrero,USA,Caramel,410,33,68,Online
2024-05-01,Golden Caramel,Toblerone,Germany,Caramel,107,59,76,Online
2023-12-13,Hazel Crunch,Hershey's,Germany,Hazelnut,212,60,87,Retail
2023-11-28,Snow White,Ferrero,Brazil,White,131,38,48,Online
2023-05-07,Golden Caramel,Amul,UK,Caramel,492,34,69,Retail
2024-01-28,Milk Deluxe,Toblerone,Brazil,Milk,72,35,57,Retail
2023-02-08,Nutty Bar,Nestle,Japan,Almond,404,48,85,Online
2023-08-05,Snow White,Nestle,Australia,White,245,47,60,Retail
2023-01-23,Hazel Crunch,Amul,Australia,Hazelnut,50,39,51,Retail
2023-05-03,Golden Caramel,Amul,Japan,Caramel,56,29,67,Retail
2024-04-04,Milk Deluxe,Hershey's,Japan,Milk,421,57,86,Retail
2023-01-06,Hazel Crunch,Cadbury,UK,Hazelnut,85,43,65,Retail
2023-09-26,Golden Caramel,Hershey's,UK,Caramel,190,20,53,Retail
2023-08-02,Milk Deluxe,Ferrero,Germany,Milk,252,20,46,Online
2023-08-22,Snow White,Lindt,Brazil,White,443,22,53,Online
2023-12-27,Golden Caramel,Cadbury,Germany,Caramel,150,54,78,Online
2024-01-11,Dark Bliss,Toblerone,Japan,Dark,301,53,89,Retail
2024-04-19,Snow White,Toblerone,USA,White,124,37,48,Online
2023-09-07,Golden Caramel,Amul,Japan,Caramel,417,41,77,Online
2023-08-17,Hazel Crunch,Amul,USA,Hazelnut,328,36,68,Retail
2023-12-15,Snow White,Toblerone,USA,White,187,46,56,Retail
2023-12-05,Golden Caramel,Nestle,Brazil,Caramel,318,21,41,Retail
2023-06-25,Dark Bliss,Ferrero,Germany,Dark,458,23,53,Online
2023-01-11,Milk Deluxe,Amul,India,Milk,256,41,68,Online
2023-01-07,Golden Caramel,Amul,Australia,Caramel,441,37,66,Online
2023-09-17,Snow White,Hershey's,Germany,White,342,23,37,Retail
2023-03-30,Dark Bliss,Nestle,Brazil,Dark,286,54,87,Online
2023-03-24,Hazel Crunch,Nestle,India,Hazelnut,433,55,74,Retail
2023-09-16,Nutty Bar,Nestle,India,Almond,115,29,53,Retail
2023-08-21,Hazel Crunch,Lindt,India,Hazelnut,88,60,82,Online
2023-09-02,Hazel Crunch,Lindt,USA,Hazelnut,107,59,84,Online
2023-11-08,Hazel Crunch,Lindt,Brazil,Hazelnut,443,20,55,Online
2023-06-09,Milk Deluxe,Amul,India,Milk,402,36,59,Online
2023-02-15,Dark Bliss,Lindt,Japan,Dark,229,51,63,Retail
2023-03-14,Hazel Crunch,Cadbury,USA,Hazelnut,295,54,64,Online
2023-11-04,Hazel Crunch,Lindt,Australia,Hazelnut,396,32,71,Retail
2024-05-13,Dark Bliss,Cadbury,UK,Dark,207,51,74,Online
2024-05-27,Snow White,Toblerone,Germany,White,145,42,79,Online
2024-01-08,Milk Deluxe,Ferrero,Brazil,Milk,472,58,83,Online
2023-06-15,Golden Caramel,Lindt,India,Caramel,246,58,96,Online
2023-10-22,Dark Bliss,Cadbury,India,Dark,199,32,53,Online
2024-05-14,Golden Caramel,Amul,Brazil,Caramel,244,56,95,Online
2023-01-05,Hazel Crunch,Hershey's,India,Hazelnut,57,40,70,Online
2024-05-07,Hazel Crunch,Amul,India,Hazelnut,171,57,68,Retail
2023-10-31,Milk Deluxe,Toblerone,Australia,Milk,437,34,63,Online
2023-09-29,Milk Deluxe,Cadbury,Australia,Milk,260,53,64,Retail
2023-07-06,Snow White,Toblerone,Japan,White,240,22,36,Online
2023-05-25,Golden Caramel,Cadbury,Japan,Caramel,234,21,38,Retail
2023-09-08,Snow White,Hershey's,Brazil,White,231,51,79,Retail
2023-11-27,Dark Bliss,Lindt,Germany,Dark,262,58,80,Online
2023-01-10,Nutty Bar,Toblerone,India,Almond,340,21,49,Retail
2023-07-16,Dark Bliss,Amul,Australia,Dark,173,36,69,Online
2024-03-31,Golden Caramel,Ferrero,Japan,Caramel,221,30,64,Online
2024-06-13,Hazel Crunch,Hershey's,Germany,Hazelnut,490,35,74,Retail
2024-03-18,Snow White,Ferrero,Germany,White,285,31,69,Retail
2023-09-15,Milk Deluxe,Toblerone,India,Milk,271,55,68,Online
2023-01-19,Hazel Crunch,Amul,Japan,Hazelnut,341,43,69,Online
2024-06-05,Dark Bliss,Ferrero,Brazil,Dark,259,23,48,Retail
2023-06-14,Golden Caramel,Toblerone,Australia,Caramel,78,55,86,Retail
2024-04-21,Hazel Crunch,Toblerone,UK,Hazelnut,379,21,56,Retail
2023-01-20,Hazel Crunch,Lindt,UK,Hazelnut,378,21,46,Online
2024-05-21,Hazel Crunch,Nestle,UK,Hazelnut,281,39,72,Retail
2024-03-01,Milk Deluxe,Cadbury,Australia,Milk,91,23,50,Retail
2024-06-28,Milk Deluxe,Toblerone,India,Milk,277,58,80,Online
2024-06-02,Hazel Crunch,Ferrero,Australia,Hazelnut,135,56,84,Online
2024-05-21,Snow White,Toblerone,Japan,White,466,37,65,Retail
2023-04-19,Golden Caramel,Amul,USA,Caramel,281,35,53,Retail
2024-05-15,Golden Caramel,Nestle,India,Caramel,323,20,34,Online
2023-08-18,Golden Caramel,Hershey's,USA,Caramel,148,52,79,Online
2023-11-23,Nutty Bar,Hershey's,USA,Almond,221,46,64,Online
2023-02-09,Milk Deluxe,Lindt,Germany,Milk,53,22,35,Retail
2023-01-20,Nutty Bar,Toblerone,USA,Almond,441,20,49,Online
2023-05-23,Hazel Crunch,Toblerone,Germany,Hazelnut,290,40,51,Retail
2023-10-26,Nutty Bar,Amul,Brazil,Almond,422,25,43,Retail
2023-07-07,Snow White,Lindt,Australia,White,407,24,37,Retail
2023-07-18,Hazel Crunch,Amul,India,Hazelnut,101,58,90,Retail
2023-03-15,Hazel Crunch,Ferrero,Brazil,Hazelnut,120,38,73,Online
2023-06-15,Hazel Crunch,Amul,USA,Hazelnut,309,40,50,Retail
2024-02-17,Hazel Crunch,Nestle,Japan,Hazelnut,392,24,50,Retail
2023-06-30,Golden Caramel,Toblerone,Germany,Caramel,120,55,79,Online
2023-10-21,Milk Deluxe,Cadbury,India,Milk,299,28,65,Retail
2024-04-01,Snow White,Toblerone,Germany,White,327,57,78,Retail
2023-01-26,Nutty Bar,Nestle,USA,Almond,430,24,47,Online
2023-12-22,Golden Caramel,Amul,Germany,Caramel,338,24,49,Retail
2023-04-12,Milk Deluxe,Hershey's,Australia,Milk,326,36,47,Online
2024-02-10,Nutty Bar,Hershey's,USA,Almond,422,38,59,Online
2023-07-23,Nutty Bar,Lindt,Australia,Almond,410,60,76,Retail
2023-07-13,Nutty Bar,Ferrero,Germany,Almond,160,38,75,Online
2024-03-01,Dark Bliss,Cadbury,Australia,Dark,211,57,89,Retail
2024-01-28,Hazel Crunch,Lindt,Japan,Hazelnut,107,26,37,Online
2023-05-29,Dark Bliss,Lindt,Australia,Dark,390,42,59,Online
2023-05-23,Milk Deluxe,Ferrero,UK,Milk,110,39,75,Retail
2023-02-09,Milk Deluxe,Toblerone,India,Milk,344,21,61,Retail
2023-12-30,Nutty Bar,Ferrero,USA,Almond,244,24,46,Online
2023-08-19,Nutty Bar,Cadbury,USA,Almond,462,48,66,Retail
2023-06-16,Golden Caramel,Ferrero,India,Caramel,78,31,70,Retail
2023-11-02,Dark Bliss,Nestle,Australia,Dark,400,33,51,Retail
2023-06-08,Nutty Bar,Lindt,Australia,Almond,286,58,98,Retail
2023-10-09,Dark Bliss,Lindt,Germany,Dark,403,24,63,Retail
2023-12-03,Dark Bliss,Toblerone,UK,Dark,217,40,57,Retail
2023-03-06,Snow White,Cadbury,Brazil,White,78,30,52,Online
2024-01-17,Nutty Bar,Lindt,India,Almond,51,55,76,Online
2023-09-06,Snow White,Lindt,India,White,366,31,62,Retail
2023-10-27,Milk Deluxe,Lindt,Brazil,Milk,99,21,50,Retail
2023-08-16,Milk Deluxe,Toblerone,UK,Milk,212,31,65,Retail
2023-08-09,Snow White,Nestle,USA,White,276,60,81,Online
2024-04-06,Snow White,Ferrero,USA,White,346,29,57,Online
2023-11-24,Dark Bliss,Amul,Japan,Dark,385,45,69,Retail
2024-04-28,Nutty Bar,Hershey's,USA,Almond,238,47,81,Online
2024-05-12,Dark Bliss,Ferrero,Japan,Dark,277,51,72,Online
2023-06-12,Golden Caramel,Cadbury,India,Caramel,151,42,79,Retail
2024-01-06,Hazel Crunch,Toblerone,Brazil,Hazelnut,300,27,62,Online
2023-05-20,Milk Deluxe,Lindt,Germany,Milk,84,49,88,Online
2023-01-07,Nutty Bar,Lindt,USA,Almond,342,36,62,Retail
2023-11-04,Nutty Bar,Cadbury,Germany,Almond,406,54,71,Online
2024-04-30,Golden Caramel,Nestle,Japan,Caramel,65,55,86,Online
2023-05-11,Dark Bliss,Nestle,Germany,Dark,184,55,67,Online
2023-07-04,Milk Deluxe,Toblerone,UK,Milk,294,48,74,Online
2023-03-21,Snow White,Cadbury,Brazil,White,62,40,55,Online
2024-06-23,Snow White,Nestle,Japan,White,365,27,63,Retail
2024-04-26,Dark Bliss,Ferrero,India,Dark,267,24,64,Retail
2024-03-20,Milk Deluxe,Cadbury,Germany,Milk,288,20,40,Retail
2023-01-16,Milk Deluxe,Toblerone,Germany,Milk,389,42,79,Online
2023-11-15,Milk Deluxe,Cadbury,USA,Milk,301,53,70,Retail
2024-04-27,Milk Deluxe,Nestle,Germany,Milk,86,54,88,Retail
2023-03-28,Golden Caramel,Lindt,Brazil,Caramel,460,24,51,Online
2023-03-04,Nutty Bar,Amul,Brazil,Almond,206,23,46,Online
2023-10-24,Golden Caramel,Hershey's,UK,Caramel,145,20,50,Retail
2024-02-15,Golden Caramel,Amul,Japan,Caramel,318,32,65,Online
2023-07-26,Hazel Crunch,Cadbury,Germany,Hazelnut,64,26,57,Retail
2023-09-02,Snow White,Nestle,Brazil,White,490,33,58,Retail
2024-04-04,Snow White,Nestle,UK,White,236,44,77,Online
2024-03-19,Hazel Crunch,Lindt,Japan,Hazelnut,375,60,71,Retail
2023-07-25,Golden Caramel,Lindt,Brazil,Caramel,112,28,49,Online
2024-03-12,Nutty Bar,Lindt,USA,Almond,335,46,69,Retail
2023-01-01,Hazel Crunch,Amul,UK,Hazelnut,294,29,47,Online
2023-02-25,Snow White,Cadbury,India,White,472,21,58,Retail
2023-04-13,Hazel Crunch,Hershey's,Australia,Hazelnut,110,39,50,Retail
2023-07-17,Dark Bliss,Cadbury,India,Dark,225,43,72,Retail
2023-02-01,Snow White,Hershey's,Brazil,White,442,44,74,Retail
2024-04-03,Nutty Bar,Lindt,USA,Almond,310,37,64,Retail
2023-07-08,Nutty Bar,Nestle,Japan,Almond,351,25,55,Retail
2024-03-22,Golden Caramel,Nestle,USA,Caramel,311,43,56,Online
2023-12-02,Hazel Crunch,Cadbury,Germany,Hazelnut,172,38,60,Retail
2024-06-02,Golden Caramel,Toblerone,Germany,Caramel,118,44,79,Online
2024-04-26,Golden Caramel,Cadbury,UK,Caramel,414,59,96,Retail
2023-03-17,Milk Deluxe,Amul,Germany,Milk,480,48,61,Retail
2023-03-18,Snow White,Ferrero,Japan,White,63,53,75,Online
2023-07-25,Nutty Bar,Toblerone,Japan,Almond,60,21,43,Online
2023-03-04,Snow White,Lindt,Germany,White,155,25,57,Retail
2023-08-08,Nutty Bar,Ferrero,USA,Almond,317,35,59,Online
2023-02-17,Milk Deluxe,Toblerone,Japan,Milk,427,27,48,Retail
2023-08-14,Golden Caramel,Amul,Germany,Caramel,346,30,40,Retail
2023-07-05,Golden Caramel,Toblerone,UK,Caramel,447,57,90,Online
2024-06-12,Dark Bliss,Lindt,Japan,Dark,316,45,61,Retail
2023-03-29,Hazel Crunch,Amul,Brazil,Hazelnut,271,28,68,Retail
2024-03-26,Milk Deluxe,Cadbury,Japan,Milk,186,55,82,Online
2023-04-26,Snow White,Lindt,Australia,White,190,30,67,Online
2024-01-18,Dark Bliss,Hershey's,India,Dark,358,26,59,Retail
2024-01-13,Hazel Crunch,Toblerone,UK,Hazelnut,365,34,58,Retail
2023-09-12,Hazel Crunch,Nestle,UK,Hazelnut,203,39,49,Retail
2023-09-09,Dark Bliss,Ferrero,UK,Dark,197,47,87,Retail
2023-12-02,Hazel Crunch,Toblerone,Germany,Hazelnut,123,37,49,Retail
2023-12-10,Hazel Crunch,Toblerone,USA,Hazelnut,162,33,45,Online
2023-01-18,Golden Caramel,Toblerone,Australia,Caramel,394,33,48,Retail
2023-04-21,Golden Caramel,Hershey's,India,Caramel,60,49,61,Online
2024-01-10,Golden Caramel,Lindt,India,Caramel,396,28,61,Online
2023-01-12,Hazel Crunch,Hershey's,Australia,Hazelnut,102,40,79,Retail
2023-03-03,Hazel Crunch,Amul,Brazil,Hazelnut,459,50,63,Online
2023-07-21,Dark Bliss,Lindt,Australia,Dark,371,21,47,Online
2024-02-07,Snow White,Hershey's,Australia,White,384,56,89,Retail
2024-05-02,Hazel Crunch,Lindt,USA,Hazelnut,336,32,70,Online
2024-06-07,Hazel Crunch,Lindt,India,Hazelnut,269,28,64,Online
2024-03-18,Golden Caramel,Hershey's,Australia,Caramel,420,46,81,Online
2023-02-15,Golden Caramel,Toblerone,Australia,Caramel,168,27,46,Online
2023-06-27,Golden Caramel,Cadbury,Japan,Caramel,321,39,62,Retail
2023-11-17,Nutty Bar,Hershey's,India,Almond,252,60,99,Online
2024-05-03,Snow White,Toblerone,Australia,White,335,51,80,Retail
2024-05-04,Dark Bliss,Amul,USA,Dark,366,59,97,Online
2023-12-13,Dark Bliss,Ferrero,Australia,Dark,349,21,56,Online
2023-10-11,Snow White,Nestle,UK,White,76,51,78,Retail
2023-03-29,Dark Bliss,Cadbury,Australia,Dark,305,46,86,Online
2024-05-08,Milk Deluxe,Hershey's,Germany,Milk,354,37,59,Online
2024-05-16,Hazel Crunch,Lindt,Germany,Hazelnut,324,36,60,Retail
2023-05-31,Snow White,Ferrero,India,White,173,56,95,Retail
2024-03-12,Golden Caramel,Hershey's,USA,Caramel,174,25,59,Online
2023-04-17,Snow White,Ferrero,Australia,White,445,43,79,Online
2023-05-31,Hazel Crunch,Ferrero,Australia,Hazelnut,85,35,75,Online
2023-05-07,Dark Bliss,Ferrero,Japan,Dark,83,55,72,Online
2023-04-18,Dark Bliss,Lindt,Australia,Dark,116,54,89,Online
2023-03-23,Dark Bliss,Toblerone,India,Dark,474,54,64,Online
2023-04-17,Hazel Crunch,Toblerone,Brazil,Hazelnut,490,32,47,Online
2023-04-23,Nutty Bar,Nestle,Australia,Almond,137,40,73,Retail
2023-02-23,Milk Deluxe,Toblerone,Japan,Milk,344,34,69,Online
2023-01-16,Snow White,Toblerone,India,White,432,34,59,Online
2023-08-16,Hazel Crunch,Hershey's,Japan,Hazelnut,313,22,36,Online
2024-03-29,Milk Deluxe,Hershey's,Japan,Milk,409,40,68,Online
2023-12-03,Milk Deluxe,Ferrero,Japan,Milk,88,45,58,Retail
2023-03-29,Nutty Bar,Hershey's,Germany,Almond,169,48,72,Retail
2024-06-30,Dark Bliss,Toblerone,Germany,Dark,382,41,57,Online
2023-01-28,Golden Caramel,Ferrero,India,Caramel,478,24,63,Retail
2024-03-03,Milk Deluxe,Cadbury,UK,Milk,188,20,34,Retail
2023-01-11,Golden Caramel,Amul,Japan,Caramel,129,44,62,Retail
2024-03-24,Nutty Bar,Lindt,India,Almond,204,52,86,Online
2023-02-23,Dark Bliss,Cadbury,Germany,Dark,208,37,62,Retail
2023-10-03,Hazel Crunch,Nestle,USA,Hazelnut,150,48,79,Online
2023-05-07,Nutty Bar,Nestle,USA,Almond,274,56,75,Retail
2024-01-03,Milk Deluxe,Hershey's,USA,Milk,132,21,47,Online
2024-01-21,Dark Bliss,Hershey's,UK,Dark,252,23,33,Retail
2023-02-08,Snow White,Cadbury,USA,White,228,37,77,Retail
2023-10-02,Hazel Crunch,Amul,UK,Hazelnut,129,22,50,Online
2023-03-18,Dark Bliss,Ferrero,Australia,Dark,123,40,50,Retail
2023-06-12,Dark Bliss,Cadbury,Germany,Dark,169,30,50,Retail
2023-09-12,Golden Caramel,Nestle,Australia,Caramel,171,30,56,Online
2024-01-21,Dark Bliss,Cadbury,UK,Dark,387,48,59,Retail
2024-03-10,Dark Bliss,Hershey's,USA,Dark,219,48,69,Retail
2023-08-23,Golden Caramel,Nestle,Germany,Caramel,216,57,77,Retail
2024-06-18,Hazel Crunch,Lindt,Australia,Hazelnut,461,41,65,Online
2023-09-20,Golden Caramel,Hershey's,USA,Caramel,451,38,70,Online
2023-02-03,Golden Caramel,Nestle,Australia,Caramel,282,58,69,Retail
2023-08-19,Nutty Bar,Amul,Germany,Almond,247,60,84,Online
2023-08-10,Golden Caramel,Amul,Germany,Caramel,50,31,59,Retail
2023-06-06,Snow White,Toblerone,Brazil,White,299,50,74,Retail
2023-02-15,Hazel Crunch,Ferrero,Japan,Hazelnut,326,57,74,Retail
2024-02-25,Milk Deluxe,Ferrero,USA,Milk,412,33,61,Online
2023-08-15,Nutty Bar,Ferrero,Australia,Almond,65,51,86,Retail
2024-04-30,Nutty Bar,Amul,India,Almond,373,32,51,Online
2024-01-30,Milk Deluxe,Cadbury,USA,Milk,477,37,48,Retail
2023-07-16,Dark Bliss,Lindt,USA,Dark,460,39,63,Online
2023-12-06,Milk Deluxe,Amul,Japan,Milk,387,54,76,Retail
2024-02-27,Golden Caramel,Ferrero,Japan,Caramel,402,35,50,Retail
2024-02-08,Hazel Crunch,Nestle,Brazil,Hazelnut,259,57,75,Online
2023-09-04,Snow White,Cadbury,USA,White,179,23,44,Online
2023-07-19,Hazel Crunch,Hershey's,Australia,Hazelnut,274,48,66,Online
2023-10-09,Snow White,Cadbury,India,White,184,33,70,Online
2023-02-08,Golden Caramel,Hershey's,Germany,Caramel,494,24,50,Online
2023-09-08,Hazel Crunch,Nestle,Brazil,Hazelnut,287,59,77,Retail
2024-04-06,Snow White,Cadbury,UK,White,361,41,61,Retail
2023-03-30,Dark Bliss,Nestle,USA,Dark,266,47,57,Retail
2024-01-19,Dark Bliss,Amul,USA,Dark,50,24,63,Online
2024-05-15,Dark Bliss,Amul,Germany,Dark,76,42,68,Online
2023-05-04,Dark Bliss,Hershey's,UK,Dark,193,29,41,Online
2023-09-26,Hazel Crunch,Nestle,USA,Hazelnut,397,58,78,Retail
2023-11-12,Hazel Crunch,Hershey's,Japan,Hazelnut,92,40,53,Retail
2023-10-02,Golden Caramel,Toblerone,India,Caramel,408,32,57,Online
2023-08-27,Milk Deluxe,Nestle,UK,Milk,65,52,87,Retail
2023-02-11,Nutty Bar,Cadbury,Australia,Almond,310,37,53,Retail
2023-04-23,Snow White,Nestle,Brazil,White,133,47,77,Online
2023-08-22,Snow White,Ferrero,Brazil,White,141,38,77,Online
2023-02-18,Dark Bliss,Hershey's,USA,Dark,115,35,59,Online
2023-04-04,Nutty Bar,Ferrero,Australia,Almond,491,27,52,Online
2023-10-05,Hazel Crunch,Hershey's,Germany,Hazelnut,181,36,54,Retail
2024-07-02,Golden Caramel,Toblerone,UK,Caramel,180,34,62,Online
2023-02-17,Dark Bliss,Toblerone,Australia,Dark,60,55,81,Online
2024-01-11,Hazel Crunch,Amul,Brazil,Hazelnut,413,47,77,Online
2024-05-03,Golden Caramel,Cadbury,Brazil,Caramel,263,57,95,Online
2023-04-19,Milk Deluxe,Lindt,Germany,Milk,256,33,51,Retail
2024-04-28,Golden Caramel,Amul,Australia,Caramel,92,42,75,Online
2023-02-18,Nutty Bar,Lindt,Brazil,Almond,351,22,43,Retail
2023-01-15,Dark Bliss,Ferrero,UK,Dark,130,38,58,Online
2023-08-28,Dark Bliss,Lindt,USA,Dark,173,39,49,Online
2023-07-01,Dark Bliss,Lindt,USA,Dark,396,30,62,Retail
2024-06-30,Dark Bliss,Lindt,UK,Dark,286,31,48,Retail
2024-03-14,Snow White,Lindt,Brazil,White,394,37,50,Online
2023-08-25,Milk Deluxe,Nestle,India,Milk,210,22,48,Online
2023-03-15,Milk Deluxe,Toblerone,Germany,Milk,412,54,83,Retail
2023-03-27,Dark Bliss,Lindt,Germany,Dark,476,57,93,Online
2023-03-11,Snow White,Nestle,India,White,214,60,100,Retail
2024-02-23,Dark Bliss,Toblerone,India,Dark,294,48,88,Retail
2023-05-20,Snow White,Lindt,UK,White,497,49,86,Online
2023-03-16,Nutty Bar,Amul,Japan,Almond,95,59,82,Online
2023-05-09,Milk Deluxe,Cadbury,Germany,Milk,56,31,49,Retail
2023-12-29,Snow White,Cadbury,Germany,White,104,26,54,Retail
2023-08-13,Dark Bliss,Toblerone,Brazil,Dark,295,43,62,Retail
2024-04-20,Milk Deluxe,Ferrero,Japan,Milk,65,55,79,Retail
2024-06-13,Snow White,Lindt,Germany,White,217,47,58,Online
2023-11-04,Nutty Bar,Amul,Australia,Almond,75,31,42,Online
2023-07-01,Dark Bliss,Lindt,Australia,Dark,307,22,50,Online
2024-04-13,Milk Deluxe,Cadbury,Brazil,Milk,69,57,93,Online
2024-02-14,Milk Deluxe,Hershey's,USA,Milk,282,30,48,Retail
2024-03-23,Golden Caramel,Lindt,Australia,Caramel,275,22,58,Online
2024-03-29,Hazel Crunch,Amul,UK,Hazelnut,161,45,85,Retail
2024-03-08,Snow White,Amul,USA,White,103,25,56,Online
2023-11-01,Dark Bliss,Nestle,USA,Dark,427,20,38,Online
2023-12-16,Nutty Bar,Cadbury,Germany,Almond,55,59,87,Retail
2023-11-25,Milk Deluxe,Hershey's,Germany,Milk,206,49,60,Retail
2023-03-16,Hazel Crunch,Hershey's,Germany,Hazelnut,396,34,66,Online
2023-01-23,Snow White,Toblerone,Germany,White,210,55,84,Retail
2024-05-21,Nutty Bar,Amul,UK,Almond,307,38,68,Online
2023-01-05,Milk Deluxe,Amul,Australia,Milk,404,45,66,Retail
2023-03-22,Nutty Bar,Amul,Australia,Almond,315,50,68,Retail
2024-03-24,Dark Bliss,Ferrero,Brazil,Dark,398,47,75,Retail
2023-07-13,Hazel Crunch,Ferrero,Germany,Hazelnut,232,55,71,Online
2023-01-19,Nutty Bar,Cadbury,Australia,Almond,407,51,61,Online
2023-03-04,Dark Bliss,Toblerone,India,Dark,55,24,48,Retail
2023-11-03,Golden Caramel,Nestle,Brazil,Caramel,426,44,63,Retail
2023-07-09,Snow White,Hershey's,Japan,White,359,30,57,Retail
2024-04-22,Milk Deluxe,Toblerone,Australia,Milk,95,34,44,Retail
2023-10-26,Hazel Crunch,Ferrero,Germany,Hazelnut,296,37,75,Online
2023-08-03,Milk Deluxe,Ferrero,Germany,Milk,287,34,73,Online
2023-09-13,Milk Deluxe,Lindt,Japan,Milk,228,40,71,Online
2023-02-12,Milk Deluxe,Ferrero,USA,Milk,359,36,61,Online
2023-06-12,Golden Caramel,Cadbury,Japan,Caramel,261,36,61,Online
2023-09-03,Nutty Bar,Ferrero,India,Almond,129,28,47,Online
2024-04-09,Dark Bliss,Cadbury,India,Dark,306,49,63,Retail
2023-04-14,Nutty Bar,Cadbury,Germany,Almond,144,24,63,Retail
2024-02-16,Golden Caramel,Ferrero,Brazil,Caramel,489,50,61,Online
2024-06-17,Nutty Bar,Ferrero,UK,Almond,318,30,52,Retail
2023-08-14,Nutty Bar,Cadbury,Japan,Almond,193,20,44,Online
2023-02-07,Nutty Bar,Ferrero,Australia,Almond,89,36,75,Retail
2023-12-04,Milk Deluxe,Lindt,UK,Milk,468,37,64,Online
2023-07-28,Snow White,Amul,USA,White,450,57,88,Online
2024-03-06,Hazel Crunch,Toblerone,Germany,Hazelnut,445,28,41,Retail
2023-08-08,Snow White,Cadbury,Brazil,White,149,43,80,Online
2023-11-15,Milk Deluxe,Cadbury,UK,Milk,264,48,83,Retail
2024-02-06,Snow White,Amul,UK,White,498,56,81,Retail
2024-06-08,Golden Caramel,Lindt,UK,Caramel,97,37,63,Retail
2023-08-16,Golden Caramel,Ferrero,Japan,Caramel,98,34,52,Retail
2023-04-13,Hazel Crunch,Cadbury,Germany,Hazelnut,265,40,63,Retail
2023-07-24,Nutty Bar,Cadbury,Japan,Almond,490,43,70,Retail
2023-02-19,Snow White,Lindt,USA,White,283,55,67,Online
2023-03-04,Dark Bliss,Cadbury,Japan,Dark,409,51,74,Retail
2023-05-23,Nutty Bar,Nestle,India,Almond,305,45,58,Retail
2023-05-30,Hazel Crunch,Nestle,Australia,Hazelnut,497,24,51,Online
2023-03-28,Milk Deluxe,Nestle,USA,Milk,299,51,85,Retail
2024-01-23,Dark Bliss,Amul,Germany,Dark,158,46,60,Online
2024-03-03,Dark Bliss,Amul,Brazil,Dark,75,30,47,Retail
2023-01-06,Nutty Bar,Lindt,USA,Almond,390,23,55,Retail
2024-03-09,Golden Caramel,Amul,USA,Caramel,164,56,79,Online
2023-04-25,Dark Bliss,Hershey's,UK,Dark,313,39,61,Online
2024-05-17,Nutty Bar,Hershey's,UK,Almond,479,46,69,Online
2023-11-08,Dark Bliss,Hershey's,USA,Dark,397,60,72,Online
2023-09-30,Milk Deluxe,Amul,USA,Milk,212,30,44,Online
2023-08-04,Dark Bliss,Cadbury,Australia,Dark,456,46,64,Online
2023-07-08,Hazel Crunch,Lindt,India,Hazelnut,362,33,44,Retail
2024-04-06,Hazel Crunch,Amul,Germany,Hazelnut,150,51,90,Retail
2023-02-05,Milk Deluxe,Amul,Australia,Milk,285,36,58,Retail
2024-01-22,Hazel Crunch,Cadbury,Germany,Hazelnut,278,58,91,Retail
2023-11-28,Golden Caramel,Toblerone,Germany,Caramel,103,22,38,Online
2023-04-04,Golden Caramel,Nestle,Japan,Caramel,450,29,53,Online
2024-05-02,Golden Caramel,Nestle,India,Caramel,234,48,74,Retail
2023-03-03,Snow White,Amul,Japan,White,97,33,58,Online
2023-02-19,Nutty Bar,Hershey's,Australia,Almond,214,26,59,Online
2024-01-30,Milk Deluxe,Nestle,USA,Milk,426,51,89,Retail
2023-10-04,Golden Caramel,Amul,Japan,Caramel,400,44,58,Online
2023-08-12,Nutty Bar,Amul,Japan,Almond,349,44,55,Online
2023-07-14,Dark Bliss,Lindt,Brazil,Dark,202,45,82,Online
2024-06-29,Milk Deluxe,Hershey's,Australia,Milk,416,40,75,Online
2023-01-07,Snow White,Nestle,Australia,White,204,59,80,Online
2024-01-07,Snow White,Cadbury,USA,White,326,33,72,Online
2023-12-20,Golden Caramel,Toblerone,USA,Caramel,100,50,68,Retail
2023-11-19,Dark Bliss,Hershey's,USA,Dark,82,23,54,Online
2023-06-10,Milk Deluxe,Amul,UK,Milk,380,22,46,Online
2023-01-17,Golden Caramel,Nestle,India,Caramel,412,22,47,Online
2023-09-10,Nutty Bar,Hershey's,UK,Almond,143,52,73,Retail
2024-05-06,Milk Deluxe,Toblerone,India,Milk,173,33,43,Online
2023-01-25,Snow White,Cadbury,Australia,White,397,34,74,Retail
2023-10-23,Golden Caramel,Lindt,Brazil,Caramel,406,45,62,Online
2024-05-24,Snow White,Toblerone,Brazil,White,275,48,82,Online
2023-06-17,Milk Deluxe,Amul,Brazil,Milk,247,35,55,Online
2023-06-18,Dark Bliss,Hershey's,Australia,Dark,72,48,73,Online
2023-09-19,Milk Deluxe,Amul,Australia,Milk,481,20,32,Retail
2023-12-04,Nutty Bar,Hershey's,USA,Almond,347,21,47,Retail
2023-01-09,Dark Bliss,Amul,Brazil,Dark,343,26,44,Retail
2023-08-02,Hazel Crunch,Amul,UK,Hazelnut,354,49,68,Retail
2023-05-10,Dark Bliss,Amul,Brazil,Dark,158,54,70,Online
2024-02-12,Snow White,Ferrero,Brazil,White,382,48,63,Retail
2023-12-21,Nutty Bar,Nestle,Germany,Almond,139,57,74,Retail
2024-01-06,Nutty Bar,Hershey's,Brazil,Almond,400,50,75,Online
2023-11-27,Dark Bliss,Hershey's,Germany,Dark,183,22,52,Retail
2023-08-22,Nutty Bar,Ferrero,USA,Almond,284,37,68,Online
2023-12-09,Milk Deluxe,Lindt,Germany,Milk,90,58,69,Online
2023-10-04,Golden Caramel,Hershey's,Australia,Caramel,467,47,58,Retail
2023-04-06,Golden Caramel,Hershey's,UK,Caramel,332,23,43,Online
2023-01-08,Snow White,Cadbury,UK,White,250,39,61,Online
2024-01-25,Nutty Bar,Toblerone,Germany,Almond,365,20,37,Retail
2023-03-04,Dark Bliss,Nestle,Australia,Dark,340,51,88,Retail
2023-05-04,Dark Bliss,Lindt,Australia,Dark,321,42,66,Online
2023-03-05,Hazel Crunch,Ferrero,Japan,Hazelnut,303,23,61,Online
2023-05-19,Milk Deluxe,Cadbury,Germany,Milk,133,39,52,Retail
2023-09-08,Snow White,Hershey's,Australia,White,60,55,86,Online
2023-03-05,Dark Bliss,Ferrero,Australia,Dark,161,21,47,Online
2023-08-24,Snow White,Nestle,Japan,White,405,34,61,Retail
2023-04-04,Dark Bliss,Nestle,Japan,Dark,63,28,53,Online
2023-05-09,Hazel Crunch,Ferrero,Japan,Hazelnut,304,28,67,Online
2023-12-17,Dark Bliss,Amul,Japan,Dark,277,43,59,Online
2023-08-25,Milk Deluxe,Cadbury,USA,Milk,242,36,74,Online
2023-10-31,Hazel Crunch,Hershey's,Brazil,Hazelnut,100,48,83,Online
2023-02-28,Golden Caramel,Toblerone,Australia,Caramel,314,21,32,Retail
2024-05-07,Hazel Crunch,Lindt,Germany,Hazelnut,487,58,94,Retail
2024-05-19,Hazel Crunch,Hershey's,UK,Hazelnut,190,23,37,Retail
2023-06-21,Golden Caramel,Nestle,India,Caramel,299,51,81,Retail
2023-10-13,Dark Bliss,Amul,Australia,Dark,446,24,60,Online
2023-02-08,Dark Bliss,Lindt,UK,Dark,100,55,87,Online
2024-03-24,Milk Deluxe,Ferrero,Australia,Milk,292,25,65,Online
2023-09-14,Snow White,Lindt,Brazil,White,90,55,95,Online
2023-01-25,Hazel Crunch,Lindt,UK,Hazelnut,76,24,50,Retail
2023-11-29,Nutty Bar,Cadbury,Japan,Almond,195,58,70,Retail
2023-11-05,Nutty Bar,Lindt,Japan,Almond,446,51,82,Retail
2024-05-16,Dark Bliss,Lindt,Germany,Dark,235,40,79,Online
2024-04-07,Dark Bliss,Nestle,Brazil,Dark,369,36,53,Online
2024-02-16,Golden Caramel,Toblerone,Japan,Caramel,370,31,67,Retail
2023-06-11,Nutty Bar,Nestle,Brazil,Almond,330,26,39,Retail
2023-02-27,Nutty Bar,Cadbury,India,Almond,289,60,87,Online
2024-06-06,Snow White,Toblerone,Japan,White,335,26,44,Online
2023-01-25,Nutty Bar,Hershey's,Brazil,Almond,431,22,39,Retail
2023-08-03,Snow White,Amul,Germany,White,250,51,80,Retail
2023-02-13,Snow White,Ferrero,Australia,White,285,20,31,Retail
2023-12-01,Milk Deluxe,Toblerone,Australia,Milk,387,25,65,Retail
2023-05-23,Milk Deluxe,Ferrero,India,Milk,52,30,41,Online
2023-04-29,Golden Caramel,Amul,USA,Caramel,367,46,85,Online
2024-05-10,Snow White,Amul,Japan,White,487,55,89,Retail
2023-09-02,Snow White,Cadbury,Japan,White,174,33,58,Retail
2024-02-25,Dark Bliss,Lindt,Brazil,Dark,160,30,60,Online
2023-08-24,Snow White,Hershey's,Germany,White,158,35,65,Retail
2024-03-07,Dark Bliss,Toblerone,UK,Dark,246,49,76,Retail
2024-03-26,Nutty Bar,Lindt,Germany,Almond,291,45,63,Online
2024-05-12,Dark Bliss,Cadbury,USA,Dark,133,32,67,Online
2023-03-31,Hazel Crunch,Ferrero,Australia,Hazelnut,118,23,50,Online
2023-02-05,Milk Deluxe,Lindt,Brazil,Milk,232,26,62,Online
2023-10-09,Hazel Crunch,Amul,Germany,Hazelnut,396,43,73,Online
2024-04-11,Milk Deluxe,Ferrero,Japan,Milk,296,26,63,Retail
2024-02-14,Nutty Bar,Hershey's,Germany,Almond,354,42,69,Online
2023-08-16,Snow White,Amul,Germany,White,314,34,69,Retail
2024-05-20,Hazel Crunch,Hershey's,Brazil,Hazelnut,460,52,80,Retail
2024-03-19,Milk Deluxe,Hershey's,Australia,Milk,163,53,76,Online
2023-02-27,Dark Bliss,Lindt,Australia,Dark,476,36,54,Online
2024-02-22,Milk Deluxe,Nestle,USA,Milk,182,50,62,Retail
2024-05-30,Milk Deluxe,Amul,Australia,Milk,306,29,59,Online
2023-05-21,Nutty Bar,Ferrero,UK,Almond,493,41,63,Retail
2023-05-05,Golden Caramel,Cadbury,USA,Caramel,57,25,63,Retail
2023-02-01,Snow White,Hershey's,Germany,White,290,28,61,Online
2023-10-16,Hazel Crunch,Toblerone,India,Hazelnut,317,50,74,Online
2024-02-12,Golden Caramel,Ferrero,Australia,Caramel,314,37,60,Retail
2023-01-29,Nutty Bar,Hershey's,UK,Almond,305,58,78,Online
2023-03-05,Milk Deluxe,Amul,Japan,Milk,397,40,61,Online
2023-06-03,Snow White,Lindt,India,White,372,28,44,Online
2023-02-11,Golden Caramel,Toblerone,USA,Caramel,99,38,66,Retail
2023-07-21,Nutty Bar,Nestle,Germany,Almond,436,39,61,Online
2024-05-21,Dark Bliss,Ferrero,UK,Dark,348,26,51,Online
2023-06-08,Nutty Bar,Amul,Australia,Almond,85,25,35,Retail
2023-06-14,Hazel Crunch,Toblerone,Japan,Hazelnut,392,46,66,Online
2024-04-29,Snow White,Hershey's,Brazil,White,398,32,55,Retail
2023-11-12,Snow White,Cadbury,Japan,White,100,59,82,Retail
2023-02-22,Snow White,Amul,Australia,White,484,27,51,Online
2024-06-15,Milk Deluxe,Amul,Brazil,Milk,187,34,74,Online
2023-01-16,Dark Bliss,Lindt,India,Dark,404,53,64,Online
2023-11-26,Golden Caramel,Nestle,UK,Caramel,341,54,68,Retail
2024-05-13,Milk Deluxe,Amul,Brazil,Milk,122,20,50,Retail
2023-09-13,Golden Caramel,Lindt,Brazil,Caramel,475,47,74,Online
2024-01-06,Dark Bliss,Nestle,USA,Dark,463,52,71,Retail
2023-09-21,Golden Caramel,Cadbury,India,Caramel,264,27,65,Online
2023-04-21,Dark Bliss,Amul,Brazil,Dark,141,43,55,Retail
2023-12-17,Nutty Bar,Nestle,UK,Almond,191,47,84,Online
2023-05-28,Snow White,Cadbury,UK,White,486,54,85,Online
2023-09-18,Golden Caramel,Toblerone,Brazil,Caramel,156,44,55,Retail
2023-06-26,Milk Deluxe,Lindt,India,Milk,60,54,94,Retail
2023-06-22,Golden Caramel,Ferrero,Japan,Caramel,486,25,63,Online
2023-01-02,Nutty Bar,Hershey's,Australia,Almond,237,45,69,Retail
2023-06-20,Snow White,Lindt,Germany,White,427,39,57,Retail
2024-05-25,Milk Deluxe,Lindt,UK,Milk,116,29,69,Retail
2024-02-17,Nutty Bar,Nestle,Brazil,Almond,51,37,69,Online
2023-01-12,Hazel Crunch,Cadbury,USA,Hazelnut,262,58,92,Online
2023-08-16,Hazel Crunch,Nestle,India,Hazelnut,448,47,78,Online
2023-09-27,Dark Bliss,Amul,Brazil,Dark,437,30,41,Online
2023-07-10,Hazel Crunch,Nestle,India,Hazelnut,405,51,89,Online
2023-06-29,Snow White,Amul,Germany,White,251,44,81,Retail
